<?xml version="1.0" encoding="UTF-8"?>
<project-private xmlns="http://www.netbeans.org/ns/project-private/1">
    <editor-bookmarks xmlns="http://www.netbeans.org/ns/editor-bookmarks/2" lastBookmarkId="0"/>
    <open-files xmlns="http://www.netbeans.org/ns/projectui-open-files/2">
        <group>
            <file>file:/C:/Users/bcnet/Desktop/Bruno_projeto/projeto_integrador/ProjetoIntegrador/src/PreparacaoDados/PreparacaoDadosPesq.java</file>
            <file>file:/C:/Users/bcnet/Desktop/Bruno_projeto/projeto_integrador/ProjetoIntegrador/src/InterfaceGrafica/MenuPrincipal.java</file>
            <file>file:/C:/Users/bcnet/Desktop/Bruno_projeto/projeto_integrador/ProjetoIntegrador/src/OperacoesBd/Operacoes.java</file>
            <file>file:/C:/Users/bcnet/Desktop/Bruno_projeto/projeto_integrador/ProjetoIntegrador/src/InterfaceGrafica/Questionario.java</file>
            <file>file:/C:/Users/bcnet/Desktop/Bruno_projeto/projeto_integrador/ProjetoIntegrador/src/InterfaceGrafica/Analizador.java</file>
        </group>
    </open-files>
</project-private>
